timestamp,update,max_updates,progress_pct,elapsed_hours,tokens_per_sec,loss_mean_last300,gpu_temp_c,gpu_util_pct,vram_used_mib,power_w,checkpoint,notes
2026-09-18T20:15,129700,732422,17.71,75.80,1946.6,3.17,86,99,7633,164.08,checkpoint-00129500,session start; first live-status check
2026-09-19T17:03,162800,732422,22.23,96.60,1917.0,3.06,,,,,checkpoint-00162500,GPU/power not captured this check (reconstructed from session record)
2026-09-20T12:24,194700,732422,26.58,115.90,1910.2,3.05,,,,,checkpoint-00194500,GPU/power not captured this check (reconstructed from session record)
2026-09-21T02:55,218300,732422,29.80,130.40,1903.2,2.95,,,,,checkpoint-00218000,GPU/power not captured this check (reconstructed from session record)
2026-09-21T16:24,240700,732422,32.86,144.00,1901.5,3.08,,,,119.6,checkpoint-00240500,first observed power-draw dip (usual ~148W)
2026-09-22T09:55,269300,732422,36.77,161.50,1896.7,2.99,87,97,7610,148.8,checkpoint-00269000,power draw back to normal; earlier dip treated as one-off at this point
2026-09-22T23:16,291100,732422,39.74,174.80,1893.6,2.97,85,98,7539,119.8,checkpoint-00291000,second power-draw dip observed (now a real pattern, not one-off)
2026-09-22T23:40,291700,732422,39.83,175.24,1893.6,,86,92,7688,148.5,checkpoint-00291500,power draw normal again; loss_mean not recomputed this check (small ~24min gap)
2026-09-23T09:08,306500,732422,41.85,184.65,1887.7,2.98,87,95,7687,147.73,checkpoint-00306500,steady progress; power/thermals normal; tok/s drift still <1% cumulative
2026-09-24T10:16,346900,732422,47.37,209.81,1880.3,3.14,87,97,7561,135.90,checkpoint-00346500,tok/s drift ~1.1% cumulative; power slightly below recent-normal range but above the earlier real dips
2026-09-25T01:36,371400,732422,50.70,225.12,1876.1,3.04,87,96,7559,148.71,checkpoint-00371000,crossed halfway point; power back to normal range, last check's dip resolved as one-off
2026-09-25T02:37,373000,732422,50.93,226.12,1875.9,3.05,86,94,7580,150.11,checkpoint-00373000,transient low-util/power dip (76C/2%/84W then 57-59C/14-18%/24W) seen mid-check then recovered to normal 85-86C/90-96%/149-164W within ~10s -- coincides with checkpoint-00373000 write at 02:34; tok/s log itself never wavered from 1876, so not a real slowdown
2026-09-25T12:00,388200,732422,53.01,235.69,1873.1,3.00,87,99,7516,144.38,checkpoint-00388000,steady; no anomalies this check
2026-09-27T00:42,442200,732422,60.38,272.23,1847.3,3.05,86,97,7468,143.60,checkpoint-00442000,tok/s drift now ~5.1% cumulative from 2026-09-18 baseline (1946.6->1847.3) -- largest drift seen yet, real and gradual (2.8% decline just over the last 2000 log lines/200K updates), not a sudden drop; log/checkpoint mtimes confirm run is live, not stalled
2026-09-27T10:16,457000,732422,62.40,281.82,1844.2,3.00,87,80,7514,155.59,checkpoint-00457000,brief checkpoint-write GPU dip again (58-60C/13-26%/~23W for ~15s, coinciding with checkpoint-00457000 write at 10:15) then recovered to normal 73-87C ramping to 84-87%/145-191W within ~20s -- second time this exact pattern is seen, now read as a normal checkpoint-save I/O pause rather than an anomaly; tok/s drift continues gradually, ~5.3% cumulative from 2026-09-18 baseline
2026-09-27T21:48,474700,732422,64.82,293.32,1840.4,3.05,85,79,7669,143.27,checkpoint-00474500,steady; no anomalies this check; tok/s drift ~5.5% cumulative from 2026-09-18 baseline, continuing the same slow gradual decline
2026-09-28T03:01,482500,732422,65.89,298.52,1838.1,3.10,86,86,7542,138.56,checkpoint-00482500,steady; no anomalies this check; loss uptick to 3.10 within the same historical noisy-but-flat range (2.98-3.17); tok/s drift ~5.6% cumulative from 2026-09-18 baseline
2026-09-29T02:09,517400,732422,70.64,321.69,1829.1,3.08,86,97,7549,172.40,checkpoint-00517000,steady; no anomalies this check; tok/s drift ~6.0% cumulative from 2026-09-18 baseline; decay start (update ~586000) now only ~1.8 days away at current rate
2026-09-30T01:32,551400,732422,75.29,345.01,1817.5,3.01,85,73,7622,160.01,checkpoint-00551000,third GPU low-util dip observed (79C/52%/84W -> 57-69C/2-24%/23-56W over ~20s) but NOT tied to a checkpoint write this time (checkpoint-00551000 written 21min earlier at 01:11, log itself fresh) -- recovering to 84-86C/70-76%/145-175W by end of check, slightly below the usual 95-99% util norm, worth a closer look next check; tok/s drift ~6.6% cumulative; WSD decay start (update ~586000) now only ~0.9 days away
2026-10-01T04:03,588500,732422,80.34,371.52,1801.4,3.09,85,68,7599,140.38,checkpoint-00588500,MILESTONE: crossed WSD decay start (update ~586000) -- now in the LR-decay phase; GPU util this check sustained lower than usual (61-72% across 5 samples vs typical 90-99%) though temp/power normal and log tok/s only mildly below recent average, not a stall (log/checkpoint mtimes current); tok/s drift ~7.5% cumulative from 2026-09-18 baseline
2026-10-01T14:28,603100,732422,82.34,381.96,1795.6,3.15,85,61,7722,136.84,checkpoint-00603000,moderate util dip this check (48-70% vs typical 90%+) but temp/power normal and log/checkpoint mtimes confirm live, not stalled; loss uptick to 3.15 still within established noisy range (2.98-3.17); tok/s drift ~7.8% cumulative from 2026-09-18 baseline
